{
    "n": 3,
    "lr": 0.1,
    "ws": [
        -1.0890186383393694,
        1.1031586724805644,
        0.004393016149880025
    ]
}